feature,rf_importance,importance_mean,importance_std,mean_abs_shap,rf_rank,permutation_rank,shap_rank
pay_status_sep,0.11670767383869363,0.06866338089017204,0.004871232047348503,0.05581277213534678,1.0,1.0,1.0
pay_status_aug,0.04962631956149484,0.01247663508448783,0.0027079356138059374,0.027842627582448848,8.0,4.0,2.0
credit_limit,0.052499560932682626,0.019535504431412,0.0022854147879724554,0.024012476528454806,5.0,2.0,3.0
pay_status_jul,0.027955517737229194,0.0052450375104558964,0.0021828265388260373,0.01600000003851728,17.0,6.0,4.0
payment_amount_sep,0.05098180209488313,0.00542813491411408,0.0018647510395623723,0.014658528285729376,6.0,5.0,5.0
pay_status_jun,0.02638454744576451,0.002184259783511655,0.0023571688156185655,0.014109586688756568,18.0,11.0,6.0
payment_amount_aug,0.04815665143905087,0.004764306036812061,0.0013977873276464585,0.013088551653527956,12.0,7.0,7.0
bill_amount_sep,0.0586482963508465,0.012568062839467587,0.001684165313249461,0.011404774330373783,2.0,3.0,8.0
pay_status_may,0.023700006818589834,0.0013834948833838733,0.002100218705656287,0.011281955634400707,19.0,13.0,9.0
pay_status_apr,0.023350436445838372,0.002676723101541678,0.0024785514067407434,0.01089486890111361,20.0,10.0,10.0
payment_amount_jul,0.045990756216163685,0.003598958954025855,0.0012099622330390455,0.010857271631965293,13.0,8.0,11.0
payment_amount_apr,0.044619103637533665,0.0028624087677757482,0.001904136918658255,0.008023390936074045,14.0,9.0,12.0
payment_amount_may,0.042883844707576384,0.0005999931302189676,0.0019315057469720823,0.007170157170822004,15.0,15.0,13.0
payment_amount_jun,0.04246177947496639,0.00044163338881304527,0.0006751846487703354,0.007010641996011973,16.0,16.0,14.0
age,0.056717998558883265,0.0018915603449791928,0.001259465809755049,0.006941147236689529,3.0,12.0,15.0
bill_amount_aug,0.053490368150702496,-0.0012739573534958138,0.0016432256559116485,0.006472047485447676,4.0,22.0,16.0
bill_amount_apr,0.049578432317312154,-0.0009216311182374426,0.0017328267121148753,0.006181468056389351,9.0,21.0,17.0
bill_amount_jul,0.050287050607311666,0.00022724300366824268,0.0016398855330156156,0.0057635651578596455,7.0,18.0,18.0
bill_amount_jun,0.04897568574530895,-0.003308501063767855,0.001770952802643552,0.0053433456417010085,10.0,23.0,19.0
bill_amount_may,0.048706284150845276,-0.0007991442123464921,0.0022797342860374705,0.005300748718665384,11.0,20.0,20.0
sex,0.01088324802111264,0.0003101561004542841,0.0005912739517000287,0.0032210189536404634,23.0,17.0,21.0
marriage,0.011068891831714016,0.0008768404683643039,0.00039286183084076434,0.0030080309045652765,22.0,14.0,22.0
education,0.0163257439154959,0.00018383921100084688,0.0006411651866796079,0.0022859691704211435,21.0,19.0,23.0
