feature,information_value
pay_status_sep,0.8790145838243351
pay_status_aug,0.5455514646190042
pay_status_jul,0.41535579551156404
pay_status_jun,0.3614670584057816
pay_status_may,0.3264530972309995
pay_status_apr,0.2886430325188878
credit_limit,0.19648598827548674
payment_amount_sep,0.16613334300514418
payment_amount_aug,0.14937848137508464
payment_amount_jul,0.12642391869795705
payment_amount_apr,0.0929394520216799
payment_amount_jun,0.08490279742719645
payment_amount_may,0.08082498220106621
education,0.03722670287402907
bill_amount_apr,0.022534188440131577
age,0.021627085998725277
bill_amount_may,0.01620817289634178
bill_amount_aug,0.01499674219252849
bill_amount_sep,0.014839227723123839
bill_amount_jul,0.013240739364464555
bill_amount_jun,0.012946787974523206
sex,0.011051819389302987
marriage,0.0064809011448487665
