pd_decile,observations,mean_predicted_pd,observed_default_rate,calibration_gap
1,3000,0.037180840832298924,0.046,0.008819159167701075
2,3000,0.07042730901073899,0.062,-0.008427309010738987
3,3000,0.09641316307295084,0.09666666666666666,0.00025350359371582865
4,3000,0.12039339198880977,0.12933333333333333,0.008939941344523555
5,3000,0.14499137615000146,0.13733333333333334,-0.007658042816668126
6,3000,0.17293759327230185,0.15933333333333333,-0.013604259938968521
7,3000,0.21104069919704257,0.186,-0.025040699197042576
8,3000,0.28184827416480224,0.256,-0.025848274164802232
9,3000,0.43612391285974167,0.44533333333333336,0.00920942047359169
10,3000,0.6795324731820324,0.694,0.014467526817967591
