feature,importance_mean,importance_std
pay_status_sep,0.06866338089017204,0.004871232047348503
credit_limit,0.019535504431412,0.0022854147879724554
bill_amount_sep,0.012568062839467587,0.001684165313249461
pay_status_aug,0.01247663508448783,0.0027079356138059374
payment_amount_sep,0.00542813491411408,0.0018647510395623723
pay_status_jul,0.0052450375104558964,0.0021828265388260373
payment_amount_aug,0.004764306036812061,0.0013977873276464585
payment_amount_jul,0.003598958954025855,0.0012099622330390455
payment_amount_apr,0.0028624087677757482,0.001904136918658255
pay_status_apr,0.002676723101541678,0.0024785514067407434
pay_status_jun,0.002184259783511655,0.0023571688156185655
age,0.0018915603449791928,0.001259465809755049
pay_status_may,0.0013834948833838733,0.002100218705656287
marriage,0.0008768404683643039,0.00039286183084076434
payment_amount_may,0.0005999931302189676,0.0019315057469720823
payment_amount_jun,0.00044163338881304527,0.0006751846487703354
sex,0.0003101561004542841,0.0005912739517000287
bill_amount_jul,0.00022724300366824268,0.0016398855330156156
education,0.00018383921100084688,0.0006411651866796079
bill_amount_may,-0.0007991442123464921,0.0022797342860374705
bill_amount_apr,-0.0009216311182374426,0.0017328267121148753
bill_amount_aug,-0.0012739573534958138,0.0016432256559116485
bill_amount_jun,-0.003308501063767855,0.001770952802643552
