feature,psi
age,0.0026229261814200307
bill_amount_jun,0.002508485058544696
bill_amount_sep,0.0020604963955910653
payment_amount_jun,0.0020006796100288083
payment_amount_sep,0.001962107728817602
credit_limit,0.001727513079243665
pay_status_sep,0.0016073557475142167
payment_amount_aug,0.0013962543564598568
payment_amount_may,0.0013484850870529958
bill_amount_aug,0.0011613531945667156
bill_amount_jul,0.0011291637678047702
education,0.0010987782363535259
bill_amount_may,0.0010203533608857205
payment_amount_jul,0.0007360840060179228
marriage,0.0006724865113061293
payment_amount_apr,0.0006551906460544794
pay_status_jun,0.0006108122308277546
bill_amount_apr,0.00039096353185556515
pay_status_apr,0.0003520093690748638
pay_status_jul,0.00012520671323831337
sex,0.00010786966277752856
pay_status_aug,8.493983907874081e-05
pay_status_may,5.5860820753753776e-05
