feature,importance
pay_status_sep,0.11670767383869363
bill_amount_sep,0.0586482963508465
age,0.056717998558883265
bill_amount_aug,0.053490368150702496
credit_limit,0.052499560932682626
payment_amount_sep,0.05098180209488313
bill_amount_jul,0.050287050607311666
pay_status_aug,0.04962631956149484
bill_amount_apr,0.049578432317312154
bill_amount_jun,0.04897568574530895
bill_amount_may,0.048706284150845276
payment_amount_aug,0.04815665143905087
payment_amount_jul,0.045990756216163685
payment_amount_apr,0.044619103637533665
payment_amount_may,0.042883844707576384
payment_amount_jun,0.04246177947496639
pay_status_jul,0.027955517737229194
pay_status_jun,0.02638454744576451
pay_status_may,0.023700006818589834
pay_status_apr,0.023350436445838372
education,0.0163257439154959
marriage,0.011068891831714016
sex,0.01088324802111264
