feature,mean_abs_shap
pay_status_sep,0.05581277213534678
pay_status_aug,0.027842627582448848
credit_limit,0.024012476528454806
pay_status_jul,0.01600000003851728
payment_amount_sep,0.014658528285729376
pay_status_jun,0.014109586688756568
payment_amount_aug,0.013088551653527956
bill_amount_sep,0.011404774330373783
pay_status_may,0.011281955634400707
pay_status_apr,0.01089486890111361
payment_amount_jul,0.010857271631965293
payment_amount_apr,0.008023390936074045
payment_amount_may,0.007170157170822004
payment_amount_jun,0.007010641996011973
age,0.006941147236689529
bill_amount_aug,0.006472047485447676
bill_amount_apr,0.006181468056389351
bill_amount_jul,0.0057635651578596455
bill_amount_jun,0.0053433456417010085
bill_amount_may,0.005300748718665384
sex,0.0032210189536404634
marriage,0.0030080309045652765
education,0.0022859691704211435
