feature,bin,total,bad,good,dist_good,dist_bad,woe,iv_component,iv
credit_limit,"(-inf, 30000.0]",3256,1189,2067,0.11058515190415062,0.22384267971396313,-0.7051576527441011,0.07986441246596715,0.19648598827548674
credit_limit,"(100000.0, 140000.0]",2248,519,1729,0.09250641848523748,0.09776063229205871,-0.05524393206099375,0.0002902634305779673,0.19648598827548674
credit_limit,"(140000.0, 180000.0]",2674,463,2211,0.11828733418913137,0.08722243131351148,0.3046551624035365,0.009464083030622066,0.19648598827548674
credit_limit,"(180000.0, 210000.0]",2028,362,1666,0.08913671373555841,0.06821603312006022,0.26749167355412984,0.005596107869731054,0.19648598827548674
credit_limit,"(210000.0, 270000.0]",2352,379,1973,0.10555733846812153,0.07141512984569062,0.39074454836828226,0.013340881888467437,0.19648598827548674
credit_limit,"(270000.0, 360000.0]",2774,397,2377,0.12716623876765085,0.07480240873165224,0.5306451104262239,0.0277866103717925,0.19648598827548674
credit_limit,"(30000.0, 50000.0]",2890,788,2102,0.11245721009841678,0.14838163342115168,-0.277214764454925,0.00995878054959097,0.19648598827548674
credit_limit,"(360000.0, inf]",1959,222,1737,0.09293431750106974,0.04187053067369213,0.7973107259337172,0.04071370494426103,0.19648598827548674
credit_limit,"(50000.0, 70000.0]",1231,358,873,0.04672122379118528,0.06746330447873541,-0.36738528036449875,0.00762033512873866,0.19648598827548674
credit_limit,"(70000.0, 100000.0]",2588,632,1956,0.10464805305947797,0.11902521640948438,-0.12873252885014316,0.0018508085957379212,0.19648598827548674
sex,1,9486,2312,7174,0.38382730579927243,0.4354990583804143,-0.12629990718245113,0.006526137554952798,0.011051819389302987
sex,2,14514,2997,11517,0.6161726942007276,0.5645009416195856,0.08758522032407066,0.004525681834350188,0.011051819389302987
education,0,12,0,12,0.000668645858407553,9.411764705882353e-05,1.9607089961663318,0.0011264826325428055,0.03722670287402907
education,1,8455,1631,6824,0.36505389285618767,0.3071058823529412,0.1728524125610059,0.010016453418596666,0.03722670287402907
education,2,11256,2674,8582,0.4590922463826259,0.5034352941176471,-0.09220402934132664,0.004088607674443741,0.03722670287402907
education,3,3903,976,2927,0.1565968600390489,0.18381176470588234,-0.16023748354673018,0.004360847838777553,0.03722670287402907
education,4,97,6,91,0.004894487683543288,0.0012235294117647058,1.3863699666780154,0.005089306296922058,0.03722670287402907
education,5,235,15,220,0.011794912942309235,0.0029176470588235296,1.3968908422598307,0.012400571416946808,0.03722670287402907
education,6,42,7,35,0.0018989542378774506,0.001411764705882353,0.2964628472372363,0.00014443359579944327,0.03722670287402907
marriage,0,47,5,42,0.002273578344834965,0.001035586518546413,0.7863870029020134,0.0009735406818922442,0.0064809011448487665
marriage,1,10892,2538,8354,0.4469320066334992,0.47797025042364905,-0.0671420203431834,0.0020839703959749274,0.0064809011448487665
marriage,2,12806,2694,10112,0.5409779061680843,0.5073432498587837,0.06419064320326309,0.0021590302224146984,0.0064809011448487665
marriage,3,255,72,183,0.009816508853581554,0.0136509131990209,-0.3297408751559366,0.0012643598445668959,0.0064809011448487665
age,"(-inf, 25.0]",3104,836,2268,0.12133611467693624,0.1574143771170493,-0.2603171712217952,0.009391791221007776,0.021627085998725277
age,"(25.0, 27.0]",2193,448,1745,0.093362216516902,0.08439969890854347,0.10092289514730486,0.0009045232248442418,0.021627085998725277
age,"(27.0, 29.0]",2409,486,1923,0.10288296961916987,0.0915506210011291,0.11670007066735487,0.00132248588455246,0.021627085998725277
age,"(29.0, 31.0]",2121,409,1712,0.09159713307659392,0.07706059465562665,0.17280791694432124,0.0025120289241084477,0.021627085998725277
age,"(31.0, 34.0]",2810,548,2262,0.12101519041506205,0.10321791494166353,0.15907364595986123,0.0028310774977055174,0.021627085998725277
age,"(34.0, 36.0]",1800,379,1421,0.07603230637569533,0.07141512984569062,0.06264858435643483,0.00028925957332855097,0.021627085998725277
age,"(36.0, 40.0]",3003,634,2369,0.12673833975181856,0.11940158073014678,0.059632204354265396,0.0004375071132783315,0.021627085998725277
age,"(40.0, 43.0]",1813,413,1400,0.07490907145913564,0.07781332329695145,-0.03803766966251794,0.00011047097202359854,0.021627085998725277
age,"(43.0, 49.0]",2616,613,2003,0.10716195977749252,0.11544975536319158,-0.074494083973702,0.0006173917403179425,0.021627085998725277
age,"(49.0, inf]",2131,543,1588,0.08496469833119384,0.10227700414000752,-0.18544900275062834,0.0032105498475584076,0.021627085998725277
pay_status_sep,"(-1.0, 0.0]",11781,1508,10273,0.5495760558482895,0.2840064012049327,0.6601503960918835,0.1753159127027967,0.8790145838243351
pay_status_sep,"(-inf, -1.0]",6725,1032,5693,0.3045711076042475,0.1943895321472277,0.4490405388004018,0.04947599400909729,0.8790145838243351
pay_status_sep,"(0.0, 1.0]",3000,1031,1969,0.1053574771979565,0.1942012614139132,-0.6115359387154161,0.054331166979534946,0.8790145838243351
pay_status_sep,"(1.0, 2.0]",2138,1483,655,0.03506566453580121,0.27929963287207005,-2.0750627251421925,0.50680080390815,0.8790145838243351
pay_status_sep,"(2.0, inf]",356,255,101,0.005429694813705299,0.04810317236185635,-2.181465199776987,0.09309070622475611,0.8790145838243351
pay_status_aug,"(-1.0, 0.0]",12573,2006,10567,0.5653185684480821,0.37780079081152323,0.40302236194404106,0.07557385764958345,0.5455514646190042
pay_status_aug,"(-inf, -1.0]",7875,1318,6557,0.35079976461777135,0.24825833176426285,0.34574572515775476,0.03545326206065152,0.5455514646190042
pay_status_aug,"(0.0, 2.0]",3170,1754,1416,0.07577702883432301,0.3303520994163058,-1.4723638565426311,0.37482713270170065,0.5455514646190042
pay_status_aug,"(2.0, inf]",382,231,151,0.008104638099823463,0.04358877800790811,-1.6823632293667976,0.05969721220706855,0.5455514646190042
pay_status_jul,"(-1.0, 0.0]",12636,2220,10416,0.5572406783287862,0.4180945208058746,0.28728971084634697,0.039975259360137516,0.41535579551156404
pay_status_jul,"(-inf, -1.0]",8003,1325,6678,0.3572727759054191,0.24957635096968556,0.3587346838981473,0.03863444295628093,0.41535579551156404
pay_status_jul,"(0.0, 2.0]",3052,1581,1471,0.07871930669234473,0.29777819619657314,-1.3304604558621087,0.29144918999044306,0.41535579551156404
pay_status_jul,"(2.0, inf]",309,183,126,0.006767239073449955,0.034550932027866695,-1.6303413401169826,0.04529690320470255,0.41535579551156404
pay_status_jun,"(-1.0, 0.0]",13180,2433,10747,0.5749478414379714,0.4581999623423084,0.22697363830699502,0.026498690882967794,0.3614670584057816
pay_status_jun,"(-inf, -1.0]",8008,1368,6640,0.3552399293853314,0.25767275466013934,0.32110303156963904,0.03132911558594383,0.3614670584057816
pay_status_jun,"(0.0, 2.0]",2544,1339,1205,0.06448938105173059,0.252212389380531,-1.3637709721533704,0.2560111895641234,0.3614670584057816
pay_status_jun,"(2.0, inf]",268,169,99,0.005322848124966565,0.031914893617021274,-1.7910642634458904,0.04762806237274658,0.3614670584057816
pay_status_may,"(-1.0, 0.0]",13560,2560,11000,0.5884980607195399,0.48215798888993505,0.1993017932778543,0.021193767012936085,0.3264530972309995
pay_status_may,"(-inf, -1.0]",8076,1437,6639,0.35519593419820783,0.2706901421711703,0.2716947846464003,0.022959782966159446,0.3264530972309995
pay_status_may,"(0.0, inf]",2364,1312,1052,0.05630600508225224,0.24715186893889465,-1.4792018100217188,0.282299547251904,0.3264530972309995
pay_status_apr,"(-1.0, 0.0]",13008,2465,10543,0.5640346653827636,0.4642251929956694,0.1947459488299563,0.019437490402241984,0.2886430325188878
pay_status_apr,"(-inf, -1.0]",8518,1551,6967,0.3727331086502969,0.29212954245904726,0.2436652946777359,0.019640291708067234,0.2886430325188878
pay_status_apr,"(0.0, 2.0]",2230,1130,1100,0.05887230514096186,0.21286010167576727,-1.2852643715414407,0.1979150285383579,0.2886430325188878
pay_status_apr,"(2.0, inf]",244,163,81,0.0043599208259776385,0.0307851628695161,-1.9545789508804237,0.05165022187022066,0.2886430325188878
bill_amount_sep,"(-inf, 268.0]",2401,584,1817,0.09721330765939239,0.10999247271358675,-0.12350432140338373,0.0015782821081201106,0.014839227723123839
bill_amount_sep,"(13487.2, 22330.0]",2400,629,1771,0.09475288831835686,0.11846066992849077,-0.22330867907781027,0.005294153395224206,0.014839227723123839
bill_amount_sep,"(141532.2, inf]",2400,466,1934,0.10347133076593924,0.08778697779450507,0.16438140395423412,0.0025782159615581122,0.014839227723123839
bill_amount_sep,"(1875.8, 6053.9]",2400,486,1914,0.10240158322635858,0.0915506210011291,0.11201011939235436,0.0012154175743698812,0.014839227723123839
bill_amount_sep,"(22330.0, 36954.8]",2400,583,1817,0.09721330765939239,0.10980429055325555,-0.12179199221787133,0.0015334808906247337,0.014839227723123839
bill_amount_sep,"(268.0, 1875.8]",2399,515,1884,0.10079696191698759,0.0970079036507339,0.03831575935124049,0.00014518064469760467,0.014839227723123839
bill_amount_sep,"(36954.8, 51984.1]",2400,533,1867,0.09988767650834403,0.10039518253669552,-0.0050679036337707905,2.5719916452431113e-06,0.014839227723123839
bill_amount_sep,"(51984.1, 83722.6]",2400,506,1894,0.10133183568677792,0.0953142642077531,0.06122115687098238,0.0003684026874997279,0.014839227723123839
bill_amount_sep,"(6053.9, 13487.2]",2400,535,1865,0.09978070175438597,0.10077154685735792,-0.009881247125525912,9.790785325583051e-06,0.014839227723123839
bill_amount_sep,"(83722.6, 141532.2]",2400,472,1928,0.10315040650406504,0.08891607075649229,0.14849528081554994,0.002113731684058637,0.014839227723123839
bill_amount_aug,"(-inf, 0.0]",2508,575,1933,0.1034178433889602,0.10829883327060595,-0.04611686701352067,0.0002250959612661968,0.01499674219252849
bill_amount_aug,"(0.0, 1476.0]",2293,498,1795,0.09603658536585366,0.0938088069251035,0.023470474365309437,5.228701678521562e-05,0.01499674219252849
bill_amount_aug,"(12810.6, 21107.0]",2400,635,1765,0.09443196405648267,0.11958976289047799,-0.23618762516000263,0.005941960760854436,0.01499674219252849
bill_amount_aug,"(136618.0, inf]",2400,471,1929,0.10320389388104408,0.08872788859616108,0.15113232900522622,0.00218779239339633,0.01499674219252849
bill_amount_aug,"(1476.0, 5527.5]",2399,483,1916,0.10250855798031665,0.09098607452013549,0.11923982002832582,0.0013739388540713621,0.01499674219252849
bill_amount_aug,"(21107.0, 34675.2]",2400,606,1794,0.09598309798887462,0.11413248024087316,-0.17318776769537794,0.003143250997273738,0.01499674219252849
bill_amount_aug,"(34675.2, 50586.6]",2400,528,1872,0.1001551133932392,0.09945427173503951,0.00702216018214717,4.9214223861998105e-06,0.01499674219252849
bill_amount_aug,"(50586.6, 80324.6]",2400,518,1882,0.10068998716302953,0.09757245013172751,0.03145118210553162,9.805022489221826e-05,0.01499674219252849
bill_amount_aug,"(5527.5, 12810.6]",2400,520,1880,0.10058301240907146,0.09794881445238991,0.026538339956432504,6.990724088695469e-05,0.01499674219252849
bill_amount_aug,"(80324.6, 136618.0]",2400,475,1925,0.10298994437312795,0.08948061723748589,0.14060932137058346,0.0018995373207158373,0.01499674219252849
bill_amount_jul,"(-inf, 0.0]",2823,645,2178,0.11652225074882328,0.12147158449378999,-0.041598114628135494,0.00020588295245602448,0.013240739364464555
bill_amount_jul,"(0.0, 1187.8]",1977,435,1542,0.08250427899015832,0.08195333082423786,0.006700209588050231,3.691468183818912e-06,0.013240739364464555
bill_amount_jul,"(1187.8, 5190.5]",2400,484,1916,0.10250855798031665,0.09117425668046669,0.11717370359085381,0.0013280820609180477,0.013240739364464555
bill_amount_jul,"(12272.6, 20031.0]",2400,613,1787,0.0956086863500214,0.11544975536319158,-0.18857173948173847,0.0037414648969907203,0.013240739364464555
bill_amount_jul,"(132135.9, inf]",2400,467,1933,0.1034178433889602,0.08797515995483628,0.16172301241967516,0.002497437284809936,0.013240739364464555
bill_amount_jul,"(20031.0, 31274.6]",2400,596,1804,0.09651797175866496,0.11225065863756116,-0.15100516735406264,0.0023757170150767865,0.013240739364464555
bill_amount_jul,"(31274.6, 49201.5]",2400,568,1832,0.09801561831407787,0.10698155814828754,-0.08752962932871924,0.0007847853902719705,0.013240739364464555
bill_amount_jul,"(49201.5, 76748.6]",2400,523,1877,0.10042255027813436,0.09851336093338352,0.01919460342876322,3.6646132342912766e-05,0.013240739364464555
bill_amount_jul,"(5190.5, 12272.6]",2400,500,1900,0.10165275994865212,0.0941851712457659,0.0762999397750932,0.0005697765682953848,0.013240739364464555
bill_amount_jul,"(76748.6, 132135.9]",2400,478,1922,0.10282948224219084,0.09004516371847948,0.13276074058785506,0.0016972555951189534,0.013240739364464555
bill_amount_jun,"(-inf, 0.0]",3085,705,2380,0.12732670089858794,0.13276251411366202,-0.04180569255723019,0.00022724793606791603,0.012946787974523206
bill_amount_jun,"(0.0, 991.0]",1717,398,1319,0.07057659392383397,0.07499059089198344,-0.06066409218582602,0.0002677711189837758,0.012946787974523206
bill_amount_jun,"(11285.0, 19004.5]",2399,584,1815,0.09710633290543431,0.10999247271358675,-0.1246053399566678,0.0016056818315239845,0.012946787974523206
bill_amount_jun,"(122821.1, inf]",2400,478,1922,0.10282948224219084,0.09004516371847948,0.13276074058785506,0.0016972555951189534,0.012946787974523206
bill_amount_jun,"(19004.5, 28507.8]",2400,602,1798,0.09619704749679076,0.11337975159954836,-0.1643441521280665,0.0028238769370351473,0.012946787974523206
bill_amount_jun,"(28507.8, 45402.0]",2401,582,1819,0.09732028241335045,0.10961610839292435,-0.11897691828657621,0.0014629194828377253,0.012946787974523206
bill_amount_jun,"(45402.0, 70448.2]",2399,518,1881,0.10063649978605049,0.09757245013172751,0.03091983246497498,9.473990197603117e-05,0.012946787974523206
bill_amount_jun,"(4651.4, 11285.0]",2401,474,1927,0.103096919127086,0.08929243507715469,0.14375273748856693,0.0019844323717948856,0.012946787974523206
bill_amount_jun,"(70448.2, 122821.1]",2400,495,1905,0.10192019683354728,0.0932442604441099,0.08896761664493714,0.000771877382731325,0.012946787974523206
bill_amount_jun,"(991.0, 4651.4]",2398,473,1925,0.10298994437312795,0.08910425291682349,0.1448242907298955,0.0020109854164534627,0.012946787974523206
bill_amount_may,"(-inf, 0.0]",3352,793,2559,0.13690094137783482,0.1493225442228077,-0.0868510839677611,0.0010788296717029193,0.01620817289634178
bill_amount_may,"(0.0, 750.0]",1453,312,1141,0.061055840821566114,0.05880692510350019,0.03752924689445893,8.440011322812543e-05,0.01620817289634178
bill_amount_may,"(115808.5, inf]",2400,485,1915,0.10245507060333761,0.0913624388407979,0.11458992651038888,0.0012711038584762317,0.01620817289634178
bill_amount_may,"(18102.5, 26549.2]",2400,619,1781,0.0952877620881472,0.11657884832517877,-0.20166646592224144,0.004293698117067832,0.01620817289634178
bill_amount_may,"(26549.2, 40739.9]",2400,584,1816,0.09715982028241335,0.10999247271358675,-0.12405467914980157,0.0015919505799901375,0.01620817289634178
bill_amount_may,"(3607.1, 9812.2]",2400,464,1936,0.1035783055198973,0.08741061347384269,0.16971119080197847,0.0027438382696556044,0.01620817289634178
bill_amount_may,"(40739.9, 65555.6]",2400,528,1872,0.1001551133932392,0.09945427173503951,0.00702216018214717,4.9214223861998105e-06,0.01620817289634178
bill_amount_may,"(65555.6, 115808.5]",2400,484,1916,0.10250855798031665,0.09117425668046669,0.11717370359085381,0.0013280820609180477,0.01620817289634178
bill_amount_may,"(750.0, 3607.1]",2395,464,1931,0.10331086863500213,0.08741061347384269,0.16712587395350761,0.002657344039892543,0.01620817289634178
bill_amount_may,"(9812.2, 18102.5]",2400,576,1824,0.09758771929824561,0.10848701543093715,-0.10587883373154648,0.0011540047630241353,0.01620817289634178
bill_amount_apr,"(-inf, 0.0]",3779,852,2927,0.15658429610611896,0.1604252916823485,-0.02423386358473443,9.308216282391532e-05,0.022534188440131577
bill_amount_apr,"(0.0, 465.6]",1021,228,793,0.04244223363286265,0.042999623635679336,-0.01304742026673057,7.272501619223481e-06,0.022534188440131577
bill_amount_apr,"(111983.2, inf]",2400,472,1928,0.10315040650406504,0.08891607075649229,0.14849528081554994,0.002113731684058637,0.022534188440131577
bill_amount_apr,"(16993.0, 25351.2]",2400,635,1765,0.09443196405648267,0.11958976289047799,-0.23618762516000263,0.005941960760854436,0.022534188440131577
bill_amount_apr,"(25351.2, 38931.3]",2400,612,1788,0.09566217372700042,0.11526157320286037,-0.18638113361874475,0.0036529582925574097,0.022534188440131577
bill_amount_apr,"(2660.4, 8724.4]",2400,415,1985,0.10619918699186992,0.07818968761761386,0.30617868637686807,0.00857591172448343,0.022534188440131577
bill_amount_apr,"(38931.3, 62666.8]",2400,533,1867,0.09988767650834403,0.10039518253669552,-0.0050679036337707905,2.5719916452431113e-06,0.022534188440131577
bill_amount_apr,"(465.6, 2660.4]",2400,485,1915,0.10245507060333761,0.0913624388407979,0.11458992651038888,0.0012711038584762317,0.022534188440131577
bill_amount_apr,"(62666.8, 111983.2]",2400,512,1888,0.10101091142490372,0.09644335716974031,0.04627268124101305,0.00021135298210020906,0.022534188440131577
bill_amount_apr,"(8724.4, 16993.0]",2400,565,1835,0.09817608044501498,0.10641701166729393,-0.08060284251822106,0.0006642424815128413,0.022534188440131577
payment_amount_sep,"(-inf, 326.0]",4840,1652,3188,0.17054906260864913,0.31100028229980237,-0.6007708073303508,0.0843789926443866,0.16613334300514418
payment_amount_sep,"(10222.6, inf]",2400,298,2102,0.11246021769944639,0.05617766067563753,0.6940803576546106,0.03906461730880127,0.16613334300514418
payment_amount_sep,"(1268.0, 1724.0]",2403,551,1852,0.099088015832687,0.10379222734544086,-0.04638258288315092,0.00021819348039017836,0.16613334300514418
payment_amount_sep,"(1724.0, 2100.5]",2396,517,1879,0.10053221363429703,0.09739343182459773,0.03171943650487275,9.956039031540656e-05,0.16613334300514418
payment_amount_sep,"(2100.5, 3000.0]",2468,563,1905,0.10192292262844,0.10605062576456196,-0.039699714525751814,0.00016386863615109275,0.16613334300514418
payment_amount_sep,"(3000.0, 4348.3]",2332,480,1852,0.099088015832687,0.09043003669897431,0.0914320274000589,0.0007916165853827569,0.16613334300514418
payment_amount_sep,"(326.0, 1268.0]",2361,534,1827,0.09775079564601107,0.10059282958501929,-0.02865964020100212,8.145167013101257e-05,0.16613334300514418
payment_amount_sep,"(4348.3, 6220.4]",2400,374,2026,0.10839506833195153,0.07048085066340454,0.4304415417512533,0.016319854307541976,0.16613334300514418
payment_amount_sep,"(6220.4, 10222.6]",2400,340,2060,0.11021368778583082,0.0640820551425614,0.5422567238294693,0.025015187982043875,0.16613334300514418
payment_amount_aug,"(-inf, 274.8]",4800,1559,3241,0.17338396940440212,0.29349769455161384,-0.5263611727926434,0.06322320123697958,0.14937848137508464
payment_amount_aug,"(10411.3, inf]",2400,265,2135,0.11422534834585862,0.04996706502305449,0.8268091482396919,0.053129336501472495,0.14937848137508464
payment_amount_aug,"(1169.0, 1600.0]",2458,635,1823,0.09753684041614293,0.11960101627928861,-0.20393118174060956,0.004499573457903933,0.14937848137508464
payment_amount_aug,"(1600.0, 2014.0]",2344,514,1830,0.09791126206841219,0.09682883221981745,0.011116775926350892,1.2033130082821713e-05,0.14937848137508464
payment_amount_aug,"(2014.0, 3000.0]",2810,597,2213,0.11839747532828755,0.1124494212854051,0.05154386700669435,0.00030658570653496395,0.14937848137508464
payment_amount_aug,"(274.8, 1169.0]",2402,542,1860,0.09951592629242331,0.10209842853110003,-0.025619638987773093,6.616277504001332e-05,0.14937848137508464
payment_amount_aug,"(3000.0, 4100.0]",2013,427,1586,0.08485999304645503,0.08045544368118943,0.0532992212865997,0.00023475905128704364,0.14937848137508464
payment_amount_aug,"(4100.0, 6000.0]",2397,411,1986,0.10625551603327003,0.07744424578902795,0.3162884537776934,0.009112672116922595,0.14937848137508464
payment_amount_aug,"(6000.0, 10411.3]",2376,359,2017,0.1079136690647482,0.06765785263950315,0.46686812162316677,0.01879415739886118,0.14937848137508464
payment_amount_jul,"(-inf, 2.0]",4809,1551,3258,0.17429327913134177,0.2919920956055331,-0.5159873394758355,0.06073109917197261,0.12642391869795705
payment_amount_jul,"(10000.0, inf]",2325,286,2039,0.10909042282902302,0.05391926225651642,0.7046893212429832,0.038878527696027315,0.12642391869795705
payment_amount_jul,"(1206.6, 1805.5]",2400,565,1835,0.09817870610574737,0.10642702550108214,-0.08067019397912178,0.0006653935256234083,0.12642391869795705
payment_amount_jul,"(1805.5, 2500.0]",2551,554,1997,0.10684389291540745,0.10435682695022114,0.023552769490172307,5.8577291384886216e-05,0.12642391869795705
payment_amount_jul,"(2.0, 780.0]",2450,572,1878,0.10047872482682998,0.10774442457890279,-0.06981597177420688,0.0005072618888105771,0.12642391869795705
payment_amount_jul,"(2500.0, 3600.0]",2276,452,1824,0.09759032922360995,0.08516044038769173,0.13624139137668576,0.0016934653496630315,0.12642391869795705
payment_amount_jul,"(3600.0, 5330.6]",2373,402,1971,0.10545318392126447,0.07575044697468712,0.330822755099228,0.00982634127065435,0.12642391869795705
payment_amount_jul,"(5330.6, 10000.0]",2475,399,2076,0.11106950870530341,0.07518584736990684,0.3901931965046431,0.014001560518748459,0.12642391869795705
payment_amount_jul,"(780.0, 1206.6]",2341,528,1813,0.09700195234147255,0.09946363037545873,-0.025060947947170863,6.169198507242165e-05,0.12642391869795705
payment_amount_jun,"(-inf, 500.0]",7235,2016,5219,0.27919229740572343,0.3795407491059665,-0.3070611844253408,0.030813114434325748,0.08490279742719645
payment_amount_jun,"(1000.0, 1500.0]",1848,450,1398,0.0748060978871356,0.08479201957462827,-0.12530202536664894,0.0012512562125955762,0.08490279742719645
payment_amount_jun,"(1500.0, 2127.0]",2308,503,1805,0.09657662476598021,0.09476755128929042,0.01890966759862463,3.420897810569219e-05,0.08490279742719645
payment_amount_jun,"(2127.0, 3200.0]",2414,471,1943,0.10395827761433539,0.08874458874458875,0.15822718725849472,0.0024072191976858785,0.08490279742719645
payment_amount_jun,"(3200.0, 5000.0]",2527,429,2098,0.11224926450922706,0.08083945040466779,0.3282568803890646,0.010310487591563066,0.08490279742719645
payment_amount_jun,"(500.0, 1000.0]",3010,734,2276,0.12177052687884461,0.13824581215885565,-0.1268950017993661,0.0020906313552520703,0.08490279742719645
payment_amount_jun,"(5000.0, 9664.1]",2258,372,1886,0.1009093340465365,0.07011104837191794,0.36414204062448,0.011214950593291294,0.08490279742719645
payment_amount_jun,"(9664.1, inf]",2400,334,2066,0.11053757689221717,0.0629587803500847,0.562875293423233,0.026780929064377117,0.08490279742719645
payment_amount_may,"(-inf, 500.0]",7278,2009,5269,0.2818668093073014,0.378223226049313,-0.29404991447553536,0.02833359610215756,0.08082498220106621
payment_amount_may,"(1000.0, 1500.0]",1863,435,1428,0.07641080502808237,0.08196875588179936,-0.07021403558200072,0.00039024615900589614,0.08082498220106621
payment_amount_may,"(1500.0, 2155.4]",2382,529,1853,0.09914415619149505,0.09966120835686053,-0.00520160341094497,2.689500307001539e-06,0.08082498220106621
payment_amount_may,"(2155.4, 3202.3]",2400,485,1915,0.10246055094945172,0.09137963485789573,0.1144552154490531,0.001268268638631921,0.08082498220106621
payment_amount_may,"(3202.3, 5000.0]",2528,438,2090,0.11182134260497459,0.08253340862036514,0.3036992780241111,0.00889472440594372,0.08082498220106621
payment_amount_may,"(500.0, 1000.0]",2877,697,2180,0.11663546402781493,0.13128176171654432,-0.1182924873729704,0.0017325469844047877,0.08082498220106621
payment_amount_may,"(5000.0, 9475.1]",2272,403,1869,0.1,0.07594579333709768,0.27515034574689406,0.006618523279964817,0.08082498220106621
payment_amount_may,"(9475.1, inf]",2400,313,2087,0.11166087189087992,0.059006211180124224,0.6378236356917644,0.0335843871306505,0.08082498220106621
payment_amount_apr,"(-inf, 416.7]",7200,2003,5197,0.27801551216902914,0.37709392057218144,-0.3048173713043022,0.030200820002462967,0.0929394520216799
payment_amount_apr,"(1000.0, 1500.0]",1775,432,1343,0.07186413479539984,0.08140410314323358,-0.124648359276659,0.0011891414021087355,0.0929394520216799
payment_amount_apr,"(1500.0, 2100.0]",2231,492,1739,0.0930462690558973,0.09269715791454922,0.003759073019582445,1.3123342722772203e-06,0.0929394520216799
payment_amount_apr,"(2100.0, 3172.7]",2343,459,1884,0.10080235357047339,0.08648597779032562,0.15317940995117746,0.0021929739946423637,0.0929394520216799
payment_amount_apr,"(3172.7, 5000.0]",2649,466,2183,0.11679593474190961,0.0878035008469791,0.2853268916779463,0.008272321045418854,0.0929394520216799
payment_amount_apr,"(416.7, 1000.0]",3251,796,2455,0.13134527948649372,0.14991530208921514,-0.13224090483107478,0.002455716591717391,0.0929394520216799
payment_amount_apr,"(5000.0, 9507.2]",2151,365,1786,0.09556031024338059,0.06879352531526445,0.32864793731336045,0.008796848655135714,0.0929394520216799
payment_amount_apr,"(9507.2, inf]",2400,296,2104,0.11257020593741641,0.055806512328251456,0.7016865088125743,0.0398303179959216,0.0929394520216799
