model,confidence,observations,exceptions,expected_exceptions,exception_rate,mean_var_return,median_var_return,kupiec_lr,kupiec_p_value,independence_lr,independence_p_value,conditional_coverage_lr,conditional_coverage_p_value,conditional_coverage_reject_5pct
EWMA Student-t (corrected),0.95,2642,156,132.1000000000001,0.059046177138531414,0.01430717043354959,0.01243433382735475,4.312908866187627,0.0378242322409,0.37046692596709363,0.5427498634498329,4.68337579215472,0.0961651843290031,False
EWMA Student-t (corrected),0.99,2642,41,26.420000000000023,0.015518546555639667,0.022552600014829203,0.019613877360426447,6.956387519858595,0.008352049991992423,0.18315863748654237,0.6686726927891238,7.139546157345137,0.028162243568965788,True
EWMA Student-t (original),0.95,2642,194,132.1000000000001,0.07342922028766086,0.012638375494579563,0.011637416895937901,26.847297225581997,2.2018206563356672e-07,5.420740884799898,0.019898914398693093,32.268038110381895,9.842027029295244e-08,True
EWMA Student-t (original),0.99,2642,49,26.420000000000023,0.01854655563966692,0.021261210235589145,0.01904549463678345,15.569995806728457,7.950629957759264e-05,0.009142199219695613,0.9238264719774512,15.579138005948153,0.00041403129178478165,True
EWMA normal,0.95,2642,150,132.1000000000001,0.05677517032551098,0.014769082175729328,0.012842693691884451,2.4507878061094743,0.11746590026070124,0.7509366686688281,0.38617983788167765,3.2017244747783025,0.20172251029685306,False
EWMA normal,0.99,2642,49,26.420000000000023,0.01854655563966692,0.02088819476582891,0.018163666771033947,15.569995806728457,7.950629957759264e-05,0.009142199219695613,0.9238264719774512,15.579138005948153,0.00041403129178478165,True
Historical VaR,0.95,2642,143,132.1000000000001,0.054125662376987134,0.01456821047067363,0.013495316225566649,0.9230349781266796,0.3366793459502014,15.799329926951486,7.04274458730224e-05,16.722364905078166,0.00023376775100765508,True
Historical VaR,0.99,2642,42,26.420000000000023,0.015897047691143074,0.02544647408811626,0.0211465014062099,7.871047672073814,0.005023254122718401,4.619357142020931,0.031613084101621676,12.490404814094745,0.001939737921491435,True
Parametric normal VaR,0.95,2642,134,132.1000000000001,0.050719152157456475,0.015345972452656665,0.01394479729502865,0.028636364650765245,0.8656213765932559,25.150134093991028,5.303596573714409e-07,25.178770458641793,3.4079990446569902e-06,True
Parametric normal VaR,0.99,2642,49,26.420000000000023,0.01854655563966692,0.02189716107105696,0.019866004894142,15.569995806728457,7.950629957759264e-05,6.080645045330016,0.01366708579499198,21.650640852058473,1.9889463754314416e-05,True
